Workbook

Sheet NOTAS
A1: ESTUDIANTE | B1: CURSADA | C1: DOCENTE | D1: =CONFIG!$A$4 -> HTML | E1: =CONFIG!$A$5 -> CSS | F1: =CONFIG!$A$6 -> GRID | G1: =CONFIG!$A$7 -> SEMANT | H1: =CONFIG!$A$8 -> FLEXBOX | I1: =CONFIG!$A$9 -> FORM | J1: NOTA | K1: MANUAL
A2: FOSSATI, FACUNDO | B2: 2025-1C | D2: 0 | E2: 0 | F2: 0 | G2: 0 | H2: 0 | I2: 0 | J2: {=ROUND(SUMPRODUCT(TRANSPOSE(CONFIG!$B$4:$B$9),D2:I2)*CONFIG!$B$2/5,0)} -> 0
A3: GALEANO, LUCA | B3: 2025-2C | C3: Sebastián | D3: 0 | E3: 0 | F3: 0 | G3: 0 | H3: 0 | I3: 0 | J3: {=ROUND(SUMPRODUCT(TRANSPOSE(CONFIG!$B$4:$B$9),D3:I3)*CONFIG!$B$2/5,0)} -> 0
A4: GÓMEZ, STEFANO | B4: 2024-1C | C4: Valeria | D4: 0 | E4: 0 | F4: 0 | G4: 0 | H4: 0 | I4: 0 | J4: {=ROUND(SUMPRODUCT(TRANSPOSE(CONFIG!$B$4:$B$9),D4:I4)*CONFIG!$B$2/5,0)} -> 0
A5: GONZÁLEZ, BRIAN | B5: 2025-2C | C5: Gabriel | D5: 0 | E5: 0 | F5: 0 | G5: 0 | H5: 0 | I5: 0 | J5: {=ROUND(SUMPRODUCT(TRANSPOSE(CONFIG!$B$4:$B$9),D5:I5)*CONFIG!$B$2/5,0)} -> 0
A6: HANSEN, BAUTISTA | B6: 2024-2C | C6: Franco | D6: 0 | E6: 0 | F6: 0 | G6: 0 | H6: 0 | I6: 0 | J6: {=ROUND(SUMPRODUCT(TRANSPOSE(CONFIG!$B$4:$B$9),D6:I6)*CONFIG!$B$2/5,0)} -> 0
A7: RAGUSA, LUCAS PABLO | B7: 2024-1C | C7: Valeria | D7: 0 | E7: 0 | F7: 0 | G7: 0 | H7: 0 | I7: 0 | J7: {=ROUND(SUMPRODUCT(TRANSPOSE(CONFIG!$B$4:$B$9),D7:I7)*CONFIG!$B$2/5,0)} -> 0
A8: SENA GARCÍA, JULIETA | B8: 2025-1C | D8: 0 | E8: 0 | F8: 0 | G8: 0 | H8: 0 | I8: 0 | J8: {=ROUND(SUMPRODUCT(TRANSPOSE(CONFIG!$B$4:$B$9),D8:I8)*CONFIG!$B$2/5,0)} -> 0
A9: SOSA, LUCAS | B9: 2025-2C | C9: Sandra | D9: 0 | E9: 0 | F9: 0 | G9: 0 | H9: 0 | I9: 0 | J9: {=ROUND(SUMPRODUCT(TRANSPOSE(CONFIG!$B$4:$B$9),D9:I9)*CONFIG!$B$2/5,0)} -> 0
A10: VECA, AGUSTIN | B10: 2025-2C | C10: Mariano | D10: 0 | E10: 0 | F10: 0 | G10: 0 | H10: 0 | I10: 0 | J10: {=ROUND(SUMPRODUCT(TRANSPOSE(CONFIG!$B$4:$B$9),D10:I10)*CONFIG!$B$2/5,0)} -> 0

Sheet DESCRIP
A1: =CONFIG!A4 -> HTML | B1: Estructura del documento HTML y uso de etiquetas básicas. Descontar puntaje si utilizan incorrectamente etiquetas con fines estéticos (B, U, I, MARK, BR, HR, etc).
A2: =CONFIG!A5 -> CSS | B2: Uso apropiado de clases, pseudo-clases y estilos básicos. No suma puntaje si no utiliza ninguna clase.
A3: =CONFIG!A6 -> GRID | B3: Uso apropiado de GRID y sus propiedades en los lugares donde corresponda aplicarlo.
A4: =CONFIG!A7 -> SEMANT | B4: Uso apropiado de etiquetas semánticas. Como mínimo deben utilizar HEADER, NAV, MAIN y FOOTER en todas las páginas. Uso de lista dentro del NAV.
A5: =CONFIG!A8 -> FLEXBOX | B5: Uso apropiado de FLEXBOX y sus propiedades en los lugares donde corresponda aplicarlo.
A6: =CONFIG!A9 -> FORM | B6: Estructura del formulario. Uso de etiqueta FORM. Elección del método correcto. Uso de etiquetas y atributos apropiados para cada campo. Existencia de un botón de envío.
A7: NOTA | B7: ="El examen se califica sobre "&CONFIG!$B$2&" y se aprueba con "&CONFIG!$B$1 -> El examen se califica sobre 100 y se aprueba con 50

Sheet CONFIG
A1: NOTA APROB | B1: 50
A2: NOTA MAX | B2: 100
A4: HTML | B4: 0.2
A5: CSS | B5: 0.2
A6: GRID | B6: 0.2
A7: SEMANT | B7: 0.1
A8: FLEXBOX | B8: 0.2
A9: FORM | B9: 0.1
A10: TOTAL | B10: =SUM(B4:B9) -> 1
